firstName,lastName,temporaryDisplayName,personId,teamId,jersey,pos,heightFeet,heightInches,heightMeters,weightPounds,weightKilograms,dateOfBirthUTC,nbaDebutYear,yearsPro,collegeName,lastAffiliation,country
LeBron,James,"James, LeBron",2544,1610612747,6,F,6,9,2.06,250.0,113.4,1984-12-30,2003,18,St. Vincent-St. Mary HS (OH),St. Vincent-St. Mary HS (OH)/USA,USA
Carmelo,Anthony,"Anthony, Carmelo",2546,1610612747,7,F,6,7,2.01,238.0,108.0,1984-05-29,2003,18,Syracuse,Syracuse/USA,USA
Udonis,Haslem,"Haslem, Udonis",2617,1610612748,40,F,6,8,2.03,235.0,106.6,1980-06-09,2003,18,Florida,Florida/USA,USA
Dwight,Howard,"Howard, Dwight",2730,1610612747,39,C-F,6,10,2.08,265.0,120.2,1985-12-08,2004,17,SW Atlanta Christian Academy (GA),SW Atlanta Christian Academy (GA)/USA,USA
Andre,Iguodala,"Iguodala, Andre",2738,1610612744,9,G-F,6,6,1.98,215.0,97.5,1984-01-28,2004,17,Arizona,Arizona/USA,USA
Chris,Paul,"Paul, Chris",101108,1610612756,3,G,6,0,1.83,175.0,79.4,1985-05-06,2005,16,Wake Forest,Wake Forest/USA,USA
Lou,Williams,"Williams, Lou",101150,1610612737,6,G,6,2,1.88,175.0,79.4,1986-10-27,2005,16,South Gwinnett HS (GA),South Gwinnett HS (GA)/USA,USA
LaMarcus,Aldridge,"Aldridge, LaMarcus",200746,1610612751,21,C-F,6,11,2.11,250.0,113.4,1985-07-19,2006,15,Texas-Austin,Texas-Austin/USA,USA
Rudy,Gay,"Gay, Rudy",200752,1610612762,8,F-G,6,8,2.03,250.0,113.4,1986-08-17,2006,15,Connecticut,Connecticut/USA,USA
Rajon,Rondo,"Rondo, Rajon",200765,1610612739,1,G,6,1,1.85,180.0,81.6,1986-02-22,2006,15,Kentucky,Kentucky/USA,USA
Kyle,Lowry,"Lowry, Kyle",200768,1610612748,7,G,6,0,1.83,196.0,88.9,1986-03-25,2006,15,Villanova,Villanova/USA,USA
P.J.,Tucker,"Tucker, P.J.",200782,1610612748,17,F,6,5,1.96,245.0,111.1,1985-05-05,2006,10,Texas-Austin,Texas-Austin/USA,USA
Paul,Millsap,"Millsap, Paul",200794,1610612755,8,F,6,7,2.01,257.0,116.6,1985-02-10,2006,15,Louisiana Tech,Louisiana Tech/USA,USA
Kevin,Durant,"Durant, Kevin",201142,1610612751,7,F,6,10,2.08,240.0,108.9,1988-09-29,2007,13,Texas-Austin,Texas-Austin/USA,USA
Al,Horford,"Horford, Al",201143,1610612738,42,C-F,6,9,2.06,240.0,108.9,1986-06-03,2007,14,Florida,Florida/Dominican Republic,Dominican Republic
Mike,Conley,"Conley, Mike",201144,1610612762,11,G,6,1,1.85,175.0,79.4,1987-10-11,2007,14,Ohio State,Ohio State/USA,USA
Jeff,Green,"Green, Jeff",201145,1610612743,32,F,6,8,2.03,235.0,106.6,1986-08-28,2007,13,Georgetown,Georgetown/USA,USA
Thaddeus,Young,"Young, Thaddeus",201152,1610612761,21,F,6,8,2.03,235.0,106.6,1988-06-21,2007,14,Georgia Tech,Georgia Tech/USA,USA
Derrick,Rose,"Rose, Derrick",201565,1610612752,4,G,6,2,1.88,200.0,90.7,1988-10-04,2008,12,Memphis,Memphis/USA,USA
Russell,Westbrook,"Westbrook, Russell",201566,1610612747,0,G,6,3,1.9,200.0,90.7,1988-11-12,2008,13,UCLA,UCLA/USA,USA
Kevin,Love,"Love, Kevin",201567,1610612739,0,F-C,6,8,2.03,251.0,113.9,1988-09-07,2008,13,UCLA,UCLA/USA,USA
Danilo,Gallinari,"Gallinari, Danilo",201568,1610612737,8,F,6,10,2.08,236.0,107.0,1988-08-08,2008,12,Olimpia Milano,Olimpia Milano/Italy,Italy
Eric,Gordon,"Gordon, Eric",201569,1610612745,10,G,6,3,1.9,215.0,97.5,1988-12-25,2008,13,Indiana,Indiana/USA,USA
D.J.,Augustin,"Augustin, D.J.",201571,1610612747,4,G,5,11,1.8,183.0,83.0,1987-11-10,2008,13,Texas-Austin,Texas-Austin/USA,USA
Brook,Lopez,"Lopez, Brook",201572,1610612749,11,C,7,0,2.13,282.0,127.9,1988-04-01,2008,13,Stanford,Stanford/USA,USA
Robin,Lopez,"Lopez, Robin",201577,1610612753,33,C,7,0,2.13,281.0,127.5,1988-04-01,2008,13,Stanford,Stanford/USA,USA
JaVale,McGee,"McGee, JaVale",201580,1610612756,0,C-F,7,0,2.13,270.0,122.5,1988-01-19,2008,13,Nevada-Reno,Nevada-Reno/USA,USA
Serge,Ibaka,"Ibaka, Serge",201586,1610612749,25,F,6,10,2.08,235.0,106.6,1989-09-18,2009,12,Ricoh Manresa,Ricoh Manresa/Republic of the Congo,Republic of the Congo
Nicolas,Batum,"Batum, Nicolas",201587,1610612746,33,G-F,6,8,2.03,230.0,104.3,1988-12-14,2008,13,Le Mans,Le Mans/France,France
George,Hill,"Hill, George",201588,1610612749,3,G,6,4,1.93,188.0,85.3,1986-05-04,2008,13,Indiana-Purdue Indianapolis,Indiana-Purdue Indianapolis/USA,USA
DeAndre,Jordan,"Jordan, DeAndre",201599,1610612755,9,C,6,11,2.11,265.0,120.2,1988-07-21,2008,13,Texas A&M,Texas A&M/USA,USA
Goran,Dragic,"Dragic, Goran",201609,1610612751,9,G,6,3,1.9,190.0,86.2,1986-05-06,2008,13,Union Olimpija,Union Olimpija/Slovenia,Slovenia
Blake,Griffin,"Griffin, Blake",201933,1610612751,2,F,6,9,2.06,250.0,113.4,1989-03-16,2010,11,Oklahoma,Oklahoma/USA,USA
James,Harden,"Harden, James",201935,1610612755,1,G,6,5,1.96,220.0,99.8,1989-08-26,2009,12,Arizona State,Arizona State/USA,USA
Ricky,Rubio,"Rubio, Ricky",201937,1610612754,99,G,6,2,1.88,190.0,86.2,1990-10-21,2011,10,FC Barcelona,FC Barcelona/Spain,Spain
Stephen,Curry,"Curry, Stephen",201939,1610612744,30,G,6,2,1.88,185.0,83.9,1988-03-14,2009,12,Davidson,Davidson/USA,USA
DeMar,DeRozan,"DeRozan, DeMar",201942,1610612741,11,G-F,6,6,1.98,220.0,99.8,1989-08-07,2009,12,Southern California,Southern California/USA,USA
Jrue,Holiday,"Holiday, Jrue",201950,1610612749,21,G,6,3,1.9,205.0,93.0,1990-06-12,2009,12,UCLA,UCLA/USA,USA
Taj,Gibson,"Gibson, Taj",201959,1610612752,67,F,6,9,2.06,232.0,105.2,1985-06-24,2009,12,Southern California,Southern California/USA,USA
Wayne,Ellington,"Ellington, Wayne",201961,1610612747,2,G,6,4,1.93,207.0,93.9,1987-11-29,2009,12,North Carolina,North Carolina/USA,USA
Patrick,Beverley,"Beverley, Patrick",201976,1610612750,22,G,6,1,1.85,180.0,81.6,1988-07-12,2012,9,Arkansas,Arkansas/USA,USA
Danny,Green,"Green, Danny",201980,1610612755,14,G,6,6,1.98,215.0,97.5,1987-06-22,2009,12,North Carolina,North Carolina/USA,USA
Patty,Mills,"Mills, Patty",201988,1610612751,8,G,6,0,1.83,180.0,81.6,1988-08-11,2009,12,St.Mary's College of California,St.Mary's College of California/Australia,Australia
Garrett,Temple,"Temple, Garrett",202066,1610612740,41,G-F,6,5,1.96,195.0,88.5,1986-05-08,2009,11,Louisiana State,Louisiana State/USA,USA
Wesley,Matthews,"Matthews, Wesley",202083,1610612749,23,G,6,4,1.93,220.0,99.8,1986-10-14,2009,12,Marquette,Marquette/USA,USA
John,Wall,"Wall, John",202322,1610612745,1,G,6,3,1.9,210.0,95.3,1990-09-06,2010,10,Kentucky,Kentucky/USA,USA
Derrick,Favors,"Favors, Derrick",202324,1610612760,15,F,6,9,2.06,265.0,120.2,1991-07-15,2010,11,Georgia Tech,Georgia Tech/USA,USA
DeMarcus,Cousins,"Cousins, DeMarcus",202326,1610612743,4,C,6,10,2.08,270.0,122.5,1990-08-13,2010,10,Kentucky,Kentucky/USA,USA
Greg,Monroe,"Monroe, Greg",202328,1610612750,15,F-C,6,10,2.08,250.0,113.4,1990-06-04,2010,9,Georgetown,Georgetown/USA,USA
Gordon,Hayward,"Hayward, Gordon",202330,1610612766,20,F,6,7,2.01,225.0,102.1,1990-03-23,2010,11,Butler,Butler/USA,USA
Paul,George,"George, Paul",202331,1610612746,13,F,6,8,2.03,220.0,99.8,1990-05-02,2010,11,Fresno State,Fresno State/USA,USA
Ed,Davis,"Davis, Ed",202334,1610612739,21,C-F,6,9,2.06,218.0,98.9,1989-06-05,2010,11,North Carolina,North Carolina/USA,USA
Eric,Bledsoe,"Bledsoe, Eric",202339,1610612757,5,G,6,1,1.85,214.0,97.1,1989-12-09,2010,11,Kentucky,Kentucky/USA,USA
Avery,Bradley,"Bradley, Avery",202340,1610612747,20,G,6,3,1.9,180.0,81.6,1990-11-26,2010,11,Texas-Austin,Texas-Austin/USA,USA
Hassan,Whiteside,"Whiteside, Hassan",202355,1610612762,21,C,7,0,2.13,265.0,120.2,1989-06-13,2010,9,Marshall,Marshall/USA,USA
Nemanja,Bjelica,"Bjelica, Nemanja",202357,1610612744,8,F,6,9,2.06,234.0,106.1,1988-05-09,2015,6,Fenerbahce,Fenerbahce/Serbia,Serbia
Lance,Stephenson,"Stephenson, Lance",202362,1610612754,6,F,6,5,1.96,210.0,95.3,1990-09-05,2010,9,Cincinnati,Cincinnati/USA,USA
Ish,Smith,"Smith, Ish",202397,1610612764,4,G,6,0,1.83,175.0,79.4,1988-07-05,2010,11,Wake Forest,Wake Forest/USA,USA
Kyrie,Irving,"Irving, Kyrie",202681,1610612751,11,G,6,2,1.88,195.0,88.5,1992-03-23,2011,10,Duke,Duke/Australia,Australia
Tristan,Thompson,"Thompson, Tristan",202684,1610612741,3,C-F,6,9,2.06,254.0,115.2,1991-03-13,2011,10,Texas-Austin,Texas-Austin/Canada,Canada
Jonas,Valanciunas,"Valanciunas, Jonas",202685,1610612740,17,C,6,11,2.11,265.0,120.2,1992-05-06,2012,9,Lietuvos rytas Vilnius,Lietuvos rytas Vilnius/Lithuania,Lithuania
Bismack,Biyombo,"Biyombo, Bismack",202687,1610612756,18,C,6,8,2.03,255.0,115.7,1992-08-28,2011,10,Baloncesto Fuenlabrada,Baloncesto Fuenlabrada/DRC,DRC
Kemba,Walker,"Walker, Kemba",202689,1610612752,8,G,6,0,1.83,184.0,83.5,1990-05-08,2011,10,Connecticut,Connecticut/USA,USA
Klay,Thompson,"Thompson, Klay",202691,1610612744,11,G,6,6,1.98,220.0,99.8,1990-02-08,2011,8,Washington State,Washington State/USA,USA
Alec,Burks,"Burks, Alec",202692,1610612752,18,G,6,6,1.98,214.0,97.1,1991-07-20,2011,10,Colorado,Colorado/USA,USA
Markieff,Morris,"Morris, Markieff",202693,1610612748,8,F,6,9,2.06,245.0,111.1,1989-09-02,2011,10,Kansas,Kansas/USA,USA
Marcus,Morris Sr.,"Morris Sr., Marcus",202694,1610612746,8,F,6,8,2.03,218.0,98.9,1989-09-02,2011,10,Kansas,Kansas/USA,USA
Kawhi,Leonard,"Leonard, Kawhi",202695,1610612746,2,F,6,7,2.01,225.0,102.1,1991-06-29,2011,10,San Diego State,San Diego State/USA,USA
Nikola,Vucevic,"Vucevic, Nikola",202696,1610612741,9,C,6,10,2.08,260.0,117.9,1990-10-24,2011,10,Southern California,Southern California/Montenegro,Montenegro
Tobias,Harris,"Harris, Tobias",202699,1610612755,12,F,6,7,2.01,226.0,102.5,1992-07-15,2011,10,Tennessee,Tennessee/USA,USA
Reggie,Jackson,"Jackson, Reggie",202704,1610612746,1,G,6,2,1.88,208.0,94.3,1990-04-16,2011,10,Boston College,Boston College/USA,USA
Cory,Joseph,"Joseph, Cory",202709,1610612765,18,G,6,3,1.9,200.0,90.7,1991-08-20,2011,10,Texas-Austin,Texas-Austin/Canada,Canada
Jimmy,Butler,"Butler, Jimmy",202710,1610612748,22,F,6,7,2.01,230.0,104.3,1989-09-14,2011,10,Marquette,Marquette/USA,USA
Bojan,Bogdanovic,"Bogdanovic, Bojan",202711,1610612762,44,F,6,7,2.01,226.0,102.5,1989-04-18,2014,7,Fenerbahce,Fenerbahce/Croatia,Croatia
Davis,Bertans,"Bertans, Davis",202722,1610612742,44,F,6,10,2.08,225.0,102.1,1992-11-12,2016,5,Baskonia,Baskonia/Latvia,Latvia
Isaiah,Thomas,"Thomas, Isaiah",202738,1610612766,4,G,5,9,1.75,185.0,83.9,1989-02-07,2011,10,Washington,Washington/USA,USA
Anthony,Davis,"Davis, Anthony",203076,1610612747,3,F-C,6,10,2.08,253.0,114.8,1993-03-11,2012,9,Kentucky,Kentucky/USA,USA
Bradley,Beal,"Beal, Bradley",203078,1610612764,3,G,6,4,1.93,207.0,93.9,1993-06-28,2012,9,Florida,Florida/USA,USA
Damian,Lillard,"Lillard, Damian",203081,1610612757,0,G,6,2,1.88,195.0,88.5,1990-07-15,2012,9,Weber State,Weber State/USA,USA
Terrence,Ross,"Ross, Terrence",203082,1610612753,31,G-F,6,6,1.98,206.0,93.4,1991-02-05,2012,9,Washington,Washington/USA,USA
Andre,Drummond,"Drummond, Andre",203083,1610612751,0,C,6,10,2.08,279.0,126.6,1993-08-10,2012,9,Connecticut,Connecticut/USA,USA
Harrison,Barnes,"Barnes, Harrison",203084,1610612758,40,F,6,8,2.03,225.0,102.1,1992-05-30,2012,9,North Carolina,North Carolina/USA,USA
Austin,Rivers,"Rivers, Austin",203085,1610612743,25,G,6,4,1.93,200.0,90.7,1992-08-01,2012,9,Duke,Duke/USA,USA
Jeremy,Lamb,"Lamb, Jeremy",203087,1610612758,26,G-F,6,5,1.96,180.0,81.6,1992-05-30,2012,9,Connecticut,Connecticut/USA,USA
Maurice,Harkless,"Harkless, Maurice",203090,1610612758,8,F-G,6,7,2.01,220.0,99.8,1993-05-11,2012,9,St. John's,St. John's/USA,USA
Evan,Fournier,"Fournier, Evan",203095,1610612752,13,G-F,6,6,1.98,205.0,93.0,1992-10-29,2012,9,Poitiers Basket 86,Poitiers Basket 86/France,France
Tomas,Satoransky,"Satoransky, Tomas",203107,1610612764,31,G,6,7,2.01,210.0,95.3,1991-10-30,2016,5,FC Barcelona,FC Barcelona/Czech Republic,Czech Republic
Jae,Crowder,"Crowder, Jae",203109,1610612756,99,F,6,6,1.98,235.0,106.6,1990-07-06,2012,9,Marquette,Marquette/USA,USA
Draymond,Green,"Green, Draymond",203110,1610612744,23,F,6,6,1.98,230.0,104.3,1990-03-04,2012,9,Michigan State,Michigan State/USA,USA
Khris,Middleton,"Middleton, Khris",203114,1610612749,22,F,6,7,2.01,222.0,100.7,1991-08-12,2012,9,Texas A&M,Texas A&M/USA,USA
Will,Barton,"Barton, Will",203115,1610612743,5,G,6,5,1.96,181.0,82.1,1991-01-06,2012,9,Memphis,Memphis/USA,USA
Kent,Bazemore,"Bazemore, Kent",203145,1610612747,9,G-F,6,4,1.93,195.0,88.5,1989-07-01,2012,9,Old Dominion,Old Dominion/USA,USA
Justin,Holiday,"Holiday, Justin",203200,1610612758,9,F-G,6,6,1.98,180.0,81.6,1989-04-05,2012,8,Washington,Washington/USA,USA
JaMychal,Green,"Green, JaMychal",203210,1610612743,0,F-C,6,8,2.03,227.0,103.0,1990-06-21,2014,7,Alabama,Alabama/USA,USA
Nerlens,Noel,"Noel, Nerlens",203457,1610612752,3,C-F,6,11,2.11,220.0,99.8,1994-04-10,2014,7,Kentucky,Kentucky/USA,USA
Alex,Len,"Len, Alex",203458,1610612758,25,C,7,0,2.13,250.0,113.4,1993-06-16,2013,8,Maryland,Maryland/Ukraine,Ukraine
Ben,McLemore,"McLemore, Ben",203463,1610612757,23,G,6,3,1.9,195.0,88.5,1993-02-11,2013,8,Kansas,Kansas/USA,USA
CJ,McCollum,"McCollum, CJ",203468,1610612740,3,G,6,3,1.9,190.0,86.2,1991-09-19,2013,8,Lehigh,Lehigh/USA,USA
Dennis,Schroder,"Schroder, Dennis",203471,1610612745,17,G,6,1,1.85,172.0,78.0,1993-09-15,2013,8,Braunschweig,Braunschweig/Germany,Germany
Dewayne,Dedmon,"Dedmon, Dewayne",203473,1610612748,21,C,7,0,2.13,245.0,111.1,1989-08-12,2013,8,Southern California,Southern California/USA,USA
Gorgui,Dieng,"Dieng, Gorgui",203476,1610612737,10,C,6,10,2.08,248.0,112.5,1990-01-18,2013,8,Louisville,Louisville/Senegal,Senegal
Kelly,Olynyk,"Olynyk, Kelly",203482,1610612765,13,F-C,6,11,2.11,240.0,108.9,1991-04-19,2013,8,Gonzaga,Gonzaga/Canada,Canada
Kentavious,Caldwell-Pope,"Caldwell-Pope, Kentavious",203484,1610612764,1,G,6,5,1.96,204.0,92.5,1993-02-18,2013,8,Georgia,Georgia/USA,USA
Mason,Plumlee,"Plumlee, Mason",203486,1610612766,24,F-C,6,11,2.11,254.0,115.2,1990-03-05,2013,8,Duke,Duke/USA,USA
Mike,Muscala,"Muscala, Mike",203488,1610612760,33,F-C,6,10,2.08,240.0,108.9,1991-07-01,2013,8,Bucknell,Bucknell/USA,USA
Otto,Porter Jr.,"Porter Jr., Otto",203490,1610612744,32,F,6,8,2.03,198.0,89.8,1993-06-03,2013,8,Georgetown,Georgetown/USA,USA
Reggie,Bullock,"Bullock, Reggie",203493,1610612742,25,G-F,6,6,1.98,205.0,93.0,1991-03-16,2013,8,North Carolina,North Carolina/USA,USA
Robert,Covington,"Covington, Robert",203496,1610612746,23,F,6,7,2.01,209.0,94.8,1990-12-14,2013,8,Tennessee State,Tennessee State/USA,USA
Rudy,Gobert,"Gobert, Rudy",203497,1610612762,27,C,7,1,2.16,258.0,117.0,1992-06-26,2013,8,Cholet,Cholet/France,France
Steven,Adams,"Adams, Steven",203500,1610612763,4,C,6,11,2.11,265.0,120.2,1993-07-20,2013,8,Pittsburgh,Pittsburgh/New Zealand,New Zealand
Tim,Hardaway Jr.,"Hardaway Jr., Tim",203501,1610612742,11,G-F,6,5,1.96,205.0,93.0,1992-03-16,2013,8,Michigan,Michigan/USA,USA
Tony,Snell,"Snell, Tony",203503,1610612740,21,G,6,6,1.98,213.0,96.6,1991-11-10,2013,8,New Mexico,New Mexico/USA,USA
Trey,Burke,"Burke, Trey",203504,1610612742,3,G,6,0,1.83,185.0,83.9,1992-11-12,2013,8,Michigan,Michigan/USA,USA
Victor,Oladipo,"Oladipo, Victor",203506,1610612748,4,G,6,4,1.93,213.0,96.6,1992-05-04,2013,8,Indiana,Indiana/USA,USA
Giannis,Antetokounmpo,"Antetokounmpo, Giannis",203507,1610612749,34,F,6,11,2.11,242.0,109.8,1994-12-06,2013,8,Filathlitikos,Filathlitikos/Greece,Greece
Raul,Neto,"Neto, Raul",203526,1610612764,19,G,6,2,1.88,180.0,81.6,1992-05-19,2015,6,Murcia,Murcia/Brazil,Brazil
Seth,Curry,"Curry, Seth",203552,1610612751,30,G,6,2,1.88,185.0,83.9,1990-08-23,2013,7,Duke,Duke/USA,USA
Rodney,McGruder,"McGruder, Rodney",203585,1610612765,17,G,6,4,1.93,205.0,93.0,1991-07-29,2016,5,Kansas State,Kansas State/USA,USA
Thanasis,Antetokounmpo,"Antetokounmpo, Thanasis",203648,1610612749,43,F,6,6,1.98,219.0,99.3,1992-07-18,2015,3,Panathinaikos,Panathinaikos/Greece,Greece
Zach,LaVine,"LaVine, Zach",203897,1610612741,8,G-F,6,5,1.96,200.0,90.7,1995-03-10,2014,7,UCLA,UCLA/USA,USA
Elfrid,Payton,"Payton, Elfrid",203901,1610612756,2,G,6,3,1.9,195.0,88.5,1994-02-22,2014,7,Louisana-Lafayette,Louisana-Lafayette/USA,USA
Jordan,Clarkson,"Clarkson, Jordan",203903,1610612762,0,G,6,4,1.93,194.0,88.0,1992-06-07,2014,7,Missouri,Missouri/USA,USA
Gary,Harris,"Harris, Gary",203914,1610612753,14,G,6,4,1.93,210.0,95.3,1994-09-14,2014,7,Michigan State,Michigan State/USA,USA
Spencer,Dinwiddie,"Dinwiddie, Spencer",203915,1610612742,26,G,6,6,1.98,215.0,97.5,1993-04-06,2014,7,Colorado,Colorado/USA,USA
Nik,Stauskas,"Stauskas, Nik",203917,1610612738,13,G,6,6,1.98,207.0,93.9,1993-10-07,2014,5,Michigan,Michigan/Canada,Canada
Rodney,Hood,"Hood, Rodney",203918,1610612746,22,G-F,6,8,2.03,208.0,94.3,1992-10-20,2014,7,Duke,Duke/USA,USA
Khem,Birch,"Birch, Khem",203920,1610612761,24,C,6,9,2.06,233.0,105.7,1992-09-28,2017,4,UNLV,UNLV/Canada,Canada
Jerami,Grant,"Grant, Jerami",203924,1610612765,9,F,6,8,2.03,210.0,95.3,1994-03-12,2014,7,Syracuse,Syracuse/USA,USA
Joe,Harris,"Harris, Joe",203925,1610612751,12,G-F,6,6,1.98,220.0,99.8,1991-09-06,2014,7,Virginia,Virginia/USA,USA
Doug,McDermott,"McDermott, Doug",203926,1610612759,17,F,6,7,2.01,225.0,102.1,1992-01-03,2014,7,Creighton,Creighton/USA,USA
Aaron,Gordon,"Gordon, Aaron",203932,1610612743,50,F,6,8,2.03,235.0,106.6,1995-09-16,2014,7,Arizona,Arizona/USA,USA
T.J.,Warren,"Warren, T.J.",203933,1610612754,1,F,6,8,2.03,220.0,99.8,1993-09-05,2014,7,North Carolina State,North Carolina State/USA,USA
Marcus,Smart,"Smart, Marcus",203935,1610612738,36,G,6,4,1.93,220.0,99.8,1994-03-06,2014,7,Oklahoma State,Oklahoma State/USA,USA
Kyle,Anderson,"Anderson, Kyle",203937,1610612763,1,F-G,6,9,2.06,230.0,104.3,1993-09-20,2014,7,UCLA,UCLA/USA,USA
Dwight,Powell,"Powell, Dwight",203939,1610612742,7,F-C,6,10,2.08,240.0,108.9,1991-07-20,2014,7,Stanford,Stanford/Canada,Canada
Julius,Randle,"Randle, Julius",203944,1610612752,30,F-C,6,8,2.03,250.0,113.4,1994-11-29,2014,7,Kentucky,Kentucky/USA,USA
Andrew,Wiggins,"Wiggins, Andrew",203952,1610612744,22,F,6,7,2.01,197.0,89.4,1995-02-23,2014,7,Kansas,Kansas/Canada,Canada
Joel,Embiid,"Embiid, Joel",203954,1610612755,21,C-F,7,0,2.13,280.0,127.0,1994-03-16,2016,5,Kansas,Kansas/Cameroon,Cameroon
Dario,Saric,"Saric, Dario",203967,1610612756,20,F-C,6,10,2.08,225.0,102.1,1994-04-08,2016,5,Anadolu Efes,Anadolu Efes/Croatia,Croatia
Clint,Capela,"Capela, Clint",203991,1610612737,15,C,6,10,2.08,256.0,116.1,1994-05-18,2014,7,Elan Chalon,Elan Chalon/Switzerland,Switzerland
Bogdan,Bogdanovic,"Bogdanovic, Bogdan",203992,1610612737,13,G,6,6,1.98,225.0,102.1,1992-08-18,2017,4,Fenerbahce,Fenerbahce/Serbia,Serbia
Jusuf,Nurkic,"Nurkic, Jusuf",203994,1610612757,27,C,6,11,2.11,290.0,131.5,1994-08-23,2014,7,Cedevita,Cedevita/Bosnia and Herzegovina,Bosnia and Herzegovina
Nikola,Jokic,"Jokic, Nikola",203999,1610612743,15,C,6,11,2.11,284.0,128.8,1995-02-19,2015,6,Mega Basket,Mega Basket/Serbia,Serbia
Kristaps,Porzingis,"Porzingis, Kristaps",204001,1610612764,6,F-C,7,3,2.21,240.0,108.9,1995-08-02,2015,5,Cajasol Sevilla,Cajasol Sevilla/Latvia,Latvia
Joe,Ingles,"Ingles, Joe",204060,1610612757,0,F-G,6,8,2.03,220.0,99.8,1987-10-02,2014,7,Maccabi Tel Aviv,Maccabi Tel Aviv/Australia,Australia
T.J.,McConnell,"McConnell, T.J.",204456,1610612754,9,G,6,1,1.85,190.0,86.2,1992-03-25,2015,6,Arizona,Arizona/USA,USA
Tyus,Jones,"Jones, Tyus",1626145,1610612763,21,G,6,0,1.83,196.0,88.9,1996-05-10,2015,6,Duke,Duke/USA,USA
Montrezl,Harrell,"Harrell, Montrezl",1626149,1610612766,8,F-C,6,7,2.01,240.0,108.9,1994-01-26,2015,6,Louisville,Louisville/USA,USA
Delon,Wright,"Wright, Delon",1626153,1610612737,0,G,6,5,1.96,185.0,83.9,1992-04-26,2015,6,Utah,Utah/USA,USA
D'Angelo,Russell,"Russell, D'Angelo",1626156,1610612750,0,G,6,4,1.93,193.0,87.5,1996-02-23,2015,6,Ohio State,Ohio State/USA,USA
Karl-Anthony,Towns,"Towns, Karl-Anthony",1626157,1610612750,32,C-F,6,11,2.11,248.0,112.5,1995-11-15,2015,6,Kentucky,Kentucky/USA,USA
Richaun,Holmes,"Holmes, Richaun",1626158,1610612758,22,F,6,10,2.08,235.0,106.6,1993-10-15,2015,6,Bowling Green,Bowling Green/USA,USA
Justise,Winslow,"Winslow, Justise",1626159,1610612757,26,F-G,6,6,1.98,222.0,100.7,1996-03-26,2015,6,Duke,Duke/USA,USA
Kelly,Oubre Jr.,"Oubre Jr., Kelly",1626162,1610612766,12,F-G,6,6,1.98,203.0,92.1,1995-12-09,2015,6,Kansas,Kansas/USA,USA
Devin,Booker,"Booker, Devin",1626164,1610612756,1,G,6,5,1.96,206.0,93.4,1996-10-30,2015,6,Kentucky,Kentucky/USA,USA
Cameron,Payne,"Payne, Cameron",1626166,1610612756,15,G,6,1,1.85,183.0,83.0,1994-08-08,2015,6,Murray State,Murray State/USA,USA
Myles,Turner,"Turner, Myles",1626167,1610612754,33,C-F,6,11,2.11,250.0,113.4,1996-03-24,2015,6,Texas-Austin,Texas-Austin/USA,USA
Trey,Lyles,"Lyles, Trey",1626168,1610612758,41,F,6,9,2.06,234.0,106.1,1995-11-05,2015,6,Kentucky,Kentucky/Canada,Canada
Stanley,Johnson,"Johnson, Stanley",1626169,1610612747,14,F-G,6,6,1.98,242.0,109.8,1996-05-29,2015,6,Arizona,Arizona/USA,USA
Bobby,Portis,"Portis, Bobby",1626171,1610612749,9,F,6,10,2.08,250.0,113.4,1995-02-10,2015,6,Arkansas,Arkansas/USA,USA
Kevon,Looney,"Looney, Kevon",1626172,1610612744,5,F,6,9,2.06,222.0,100.7,1996-02-06,2015,6,UCLA,UCLA/USA,USA
Christian,Wood,"Wood, Christian",1626174,1610612745,35,F,6,9,2.06,214.0,97.1,1995-09-27,2015,5,UNLV,UNLV/USA,USA
Terry,Rozier,"Rozier, Terry",1626179,1610612766,3,G,6,1,1.85,190.0,86.2,1994-03-17,2015,6,Louisville,Louisville/USA,USA
Norman,Powell,"Powell, Norman",1626181,1610612746,24,G,6,3,1.9,215.0,97.5,1993-05-25,2015,6,UCLA,UCLA/USA,USA
Pat,Connaughton,"Connaughton, Pat",1626192,1610612749,24,G,6,5,1.96,209.0,94.8,1993-01-06,2015,6,Notre Dame,Notre Dame/USA,USA
Willy,Hernangomez,"Hernangomez, Willy",1626195,1610612740,9,C-F,6,11,2.11,250.0,113.4,1994-05-27,2016,5,Cajasol Sevilla,Cajasol Sevilla/Spain,Spain
Josh,Richardson,"Richardson, Josh",1626196,1610612759,7,G,6,5,1.96,200.0,90.7,1993-09-15,2015,6,Tennessee,Tennessee/USA,USA
Larry,Nance Jr.,"Nance Jr., Larry",1626204,1610612740,22,F-C,6,7,2.01,245.0,111.1,1993-01-01,2015,6,Wyoming,Wyoming/USA,USA
Royce,O'Neale,"O'Neale, Royce",1626220,1610612762,23,F,6,5,1.96,226.0,102.5,1993-06-05,2017,4,Baylor,Baylor/USA,USA
Cedi,Osman,"Osman, Cedi",1626224,1610612739,16,F,6,7,2.01,230.0,104.3,1995-04-08,2017,4,Anadolu Efes,Anadolu Efes/Turkey,Turkey
Boban,Marjanovic,"Marjanovic, Boban",1626246,1610612742,51,C,7,3,2.21,290.0,131.5,1988-08-15,2015,6,Crvena zvezda,Crvena zvezda/Serbia,Serbia
Ben,Simmons,"Simmons, Ben",1627732,1610612751,10,G-F,6,11,2.11,240.0,108.9,1996-07-20,2017,4,Louisiana State,Louisiana State/Australia,Australia
Domantas,Sabonis,"Sabonis, Domantas",1627734,1610612758,10,F-C,6,11,2.11,240.0,108.9,1996-05-03,2016,5,Gonzaga,Gonzaga/Lithuania,Lithuania
Malik,Beasley,"Beasley, Malik",1627736,1610612750,5,G,6,4,1.93,187.0,84.8,1996-11-26,2016,5,Florida State,Florida State/USA,USA
Marquese,Chriss,"Chriss, Marquese",1627737,1610612742,35,F,6,9,2.06,240.0,108.9,1997-07-02,2016,5,Washington,Washington/USA,USA
Buddy,Hield,"Hield, Buddy",1627741,1610612754,24,G,6,4,1.93,220.0,99.8,1992-12-17,2016,5,Oklahoma,Oklahoma/Bahamas,Bahamas
Brandon,Ingram,"Ingram, Brandon",1627742,1610612740,14,F,6,8,2.03,190.0,86.2,1997-09-02,2016,5,Duke,Duke/USA,USA
Damian,Jones,"Jones, Damian",1627745,1610612758,30,C,6,11,2.11,245.0,111.1,1995-06-30,2016,5,Vanderbilt,Vanderbilt/USA,USA
Caris,LeVert,"LeVert, Caris",1627747,1610612739,3,G,6,6,1.98,205.0,93.0,1994-08-25,2016,5,Michigan,Michigan/USA,USA
Dejounte,Murray,"Murray, Dejounte",1627749,1610612759,5,G,6,4,1.93,180.0,81.6,1996-09-19,2016,4,Washington,Washington/USA,USA
Jamal,Murray,"Murray, Jamal",1627750,1610612743,27,G,6,3,1.9,215.0,97.5,1997-02-23,2016,5,Kentucky,Kentucky/Canada,Canada
Jakob,Poeltl,"Poeltl, Jakob",1627751,1610612759,25,C,7,1,2.16,245.0,111.1,1995-10-15,2016,5,Utah,Utah/Austria,Austria
Taurean,Prince,"Prince, Taurean",1627752,1610612750,12,F,6,6,1.98,218.0,98.9,1994-03-22,2016,5,Baylor,Baylor/USA,USA
Jaylen,Brown,"Brown, Jaylen",1627759,1610612738,7,G-F,6,6,1.98,223.0,101.2,1996-10-24,2016,5,California,California/USA,USA
Malcolm,Brogdon,"Brogdon, Malcolm",1627763,1610612754,7,G,6,5,1.96,229.0,103.9,1992-12-11,2016,5,Virginia,Virginia/USA,USA
Jake,Layman,"Layman, Jake",1627774,1610612750,10,F,6,8,2.03,209.0,94.8,1994-03-07,2016,5,Maryland,Maryland/USA,USA
Georges,Niang,"Niang, Georges",1627777,1610612755,20,F,6,7,2.01,230.0,104.3,1993-06-17,2016,5,Iowa State,Iowa State/USA,USA
Gary,Payton II,"Payton II, Gary",1627780,1610612744,0,G,6,3,1.9,195.0,88.5,1992-12-01,2016,5,Oregon State,Oregon State/USA,USA
Pascal,Siakam,"Siakam, Pascal",1627783,1610612761,43,F,6,8,2.03,230.0,104.3,1994-04-02,2016,5,New Mexico State,New Mexico State/Cameroon,Cameroon
Furkan,Korkmaz,"Korkmaz, Furkan",1627788,1610612755,30,G-F,6,7,2.01,202.0,91.6,1997-07-24,2017,4,Anadolu Efes,Anadolu Efes/Turkey,Turkey
Timothe,Luwawu-Cabarrot,"Luwawu-Cabarrot, Timothe",1627789,1610612737,7,G-F,6,7,2.01,215.0,97.5,1995-05-09,2016,5,Mega Basket,Mega Basket/France,France
Damion,Lee,"Lee, Damion",1627814,1610612744,1,G-F,6,5,1.96,210.0,95.3,1992-10-21,2017,4,Drexel,Drexel/USA,USA
Juancho,Hernangomez,"Hernangomez, Juancho",1627823,1610612762,41,F,6,9,2.06,214.0,97.1,1995-09-28,2016,5,Estudiantes,Estudiantes/Spain,Spain
Ivica,Zubac,"Zubac, Ivica",1627826,1610612746,40,C,7,0,2.13,240.0,108.9,1997-03-18,2016,5,Mega Basket,Mega Basket/Croatia,Croatia
Dorian,Finney-Smith,"Finney-Smith, Dorian",1627827,1610612742,10,F,6,7,2.01,220.0,99.8,1993-05-04,2016,5,Florida,Florida/USA,USA
Fred,VanVleet,"VanVleet, Fred",1627832,1610612761,23,G,6,1,1.85,197.0,89.4,1994-02-25,2016,5,Wichita State,Wichita State/USA,USA
Ryan,Arcidiacono,"Arcidiacono, Ryan",1627853,1610612752,51,G,6,3,1.9,195.0,88.5,1994-03-26,2017,4,Villanova,Villanova/USA,USA
Bryn,Forbes,"Forbes, Bryn",1627854,1610612743,6,G,6,2,1.88,205.0,93.0,1993-07-23,2016,5,Michigan State,Michigan State/USA,USA
Danuel,House Jr.,"House Jr., Danuel",1627863,1610612762,25,F-G,6,6,1.98,220.0,99.8,1993-06-07,2016,5,Texas A&M,Texas A&M/USA,USA
Derrick,Jones Jr.,"Jones Jr., Derrick",1627884,1610612741,5,F,6,6,1.98,210.0,95.3,1997-02-15,2016,5,UNLV,UNLV/USA,USA
Alex,Caruso,"Caruso, Alex",1627936,1610612741,6,G,6,5,1.96,186.0,84.4,1994-02-28,2017,4,Texas A&M,Texas A&M/USA,USA
David,Nwaba,"Nwaba, David",1628021,1610612745,2,G-F,6,5,1.96,219.0,99.3,1993-01-14,2016,5,Cal Poly,Cal Poly/USA,USA
Gabe,York,"York, Gabe",1628221,1610612754,0,G,6,3,1.9,190.0,86.2,1993-08-02,2021,0,Arizona,Arizona/USA,USA
Markelle,Fultz,"Fultz, Markelle",1628365,1610612753,20,G,6,4,1.93,209.0,94.8,1998-05-29,2017,4,Washington,Washington/USA,USA
Lonzo,Ball,"Ball, Lonzo",1628366,1610612741,2,G,6,6,1.98,190.0,86.2,1997-10-27,2017,4,UCLA,UCLA/USA,USA
Josh,Jackson,"Jackson, Josh",1628367,1610612758,55,G-F,6,8,2.03,207.0,93.9,1997-02-10,2017,4,Kansas,Kansas/USA,USA
De'Aaron,Fox,"Fox, De'Aaron",1628368,1610612758,5,G,6,3,1.9,185.0,83.9,1997-12-20,2017,4,Kentucky,Kentucky/USA,USA
Jayson,Tatum,"Tatum, Jayson",1628369,1610612738,0,F-G,6,8,2.03,210.0,95.3,1998-03-03,2017,4,Duke,Duke/USA,USA
Malik,Monk,"Monk, Malik",1628370,1610612747,11,G,6,3,1.9,200.0,90.7,1998-02-04,2017,4,Kentucky,Kentucky/USA,USA
Jonathan,Isaac,"Isaac, Jonathan",1628371,1610612753,1,F,6,10,2.08,230.0,104.3,1997-10-03,2017,3,Florida State,Florida State/USA,USA
Frank,Ntilikina,"Ntilikina, Frank",1628373,1610612742,21,G,6,4,1.93,200.0,90.7,1998-07-28,2017,4,Strasbourg IG,Strasbourg IG/France,France
Lauri,Markkanen,"Markkanen, Lauri",1628374,1610612739,24,F-C,6,11,2.11,240.0,108.9,1997-05-22,2017,4,Arizona,Arizona/Finland,Finland
Donovan,Mitchell,"Mitchell, Donovan",1628378,1610612762,45,G,6,1,1.85,215.0,97.5,1996-09-07,2017,4,Louisville,Louisville/USA,USA
Luke,Kennard,"Kennard, Luke",1628379,1610612746,5,G,6,5,1.96,206.0,93.4,1996-06-24,2017,4,Duke,Duke/USA,USA
Zach,Collins,"Collins, Zach",1628380,1610612759,23,F-C,6,11,2.11,250.0,113.4,1997-11-19,2017,3,Gonzaga,Gonzaga/USA,USA
John,Collins,"Collins, John",1628381,1610612737,20,F-C,6,9,2.06,226.0,102.5,1997-09-23,2017,4,Wake Forest,Wake Forest/USA,USA
OG,Anunoby,"Anunoby, OG",1628384,1610612761,3,F,6,7,2.01,232.0,105.2,1997-07-17,2017,4,Indiana,Indiana/United Kingdom,United Kingdom
Jarrett,Allen,"Allen, Jarrett",1628386,1610612739,31,C,6,10,2.08,243.0,110.2,1998-04-21,2017,4,Texas-Austin,Texas-Austin/USA,USA
Bam,Adebayo,"Adebayo, Bam",1628389,1610612748,13,C-F,6,9,2.06,255.0,115.7,1997-07-18,2017,4,Kentucky,Kentucky/USA,USA
Isaiah,Hartenstein,"Hartenstein, Isaiah",1628392,1610612746,55,C-F,7,0,2.13,250.0,113.4,1998-05-05,2018,3,Zalgiris,Zalgiris/Germany,Germany
Tony,Bradley,"Bradley, Tony",1628396,1610612741,13,C-F,6,10,2.08,248.0,112.5,1998-01-08,2017,4,North Carolina,North Carolina/USA,USA
Kyle,Kuzma,"Kuzma, Kyle",1628398,1610612764,33,F,6,9,2.06,221.0,100.2,1995-07-24,2017,4,Utah,Utah/USA,USA
Derrick,White,"White, Derrick",1628401,1610612738,9,G,6,4,1.93,190.0,86.2,1994-07-02,2017,4,Colorado,Colorado/USA,USA
Frank,Jackson,"Jackson, Frank",1628402,1610612765,5,G,6,3,1.9,205.0,93.0,1998-05-04,2018,3,Duke,Duke/USA,USA
Josh,Hart,"Hart, Josh",1628404,1610612757,11,G,6,5,1.96,215.0,97.5,1995-03-06,2017,4,Villanova,Villanova/USA,USA
Dillon,Brooks,"Brooks, Dillon",1628415,1610612763,24,G-F,6,7,2.01,225.0,102.1,1996-01-22,2017,4,Oregon,Oregon/Canada,Canada
Thomas,Bryant,"Bryant, Thomas",1628418,1610612764,13,C-F,6,10,2.08,248.0,112.5,1997-07-31,2017,4,Indiana,Indiana/USA,USA
Monte,Morris,"Morris, Monte",1628420,1610612743,11,G,6,2,1.88,183.0,83.0,1995-06-27,2017,4,Iowa State,Iowa State/USA,USA
Sterling,Brown,"Brown, Sterling",1628425,1610612742,0,G-F,6,5,1.96,219.0,99.3,1995-02-10,2017,4,Southern Methodist,Southern Methodist/USA,USA
Vlatko,Cancar,"Cancar, Vlatko",1628427,1610612743,31,F,6,8,2.03,236.0,107.0,1997-04-10,2019,2,San Pablo Burgos,San Pablo Burgos/Slovenia,Slovenia
Davon,Reed,"Reed, Davon",1628432,1610612743,9,G,6,5,1.96,206.0,93.4,1995-06-11,2017,2,Miami,Miami/USA,USA
Luke,Kornet,"Kornet, Luke",1628436,1610612738,40,C-F,7,2,2.18,250.0,113.4,1995-07-15,2017,4,Vanderbilt,Vanderbilt/USA,USA
Chris,Boucher,"Boucher, Chris",1628449,1610612761,25,F-C,6,9,2.06,200.0,90.7,1993-01-11,2017,4,Oregon,Oregon/Saint Lucia,Saint Lucia
Daniel,Theis,"Theis, Daniel",1628464,1610612738,27,F-C,6,9,2.06,245.0,111.1,1992-04-04,2017,4,Brose Bamberg,Brose Bamberg/Germany,Germany
Maxi,Kleber,"Kleber, Maxi",1628467,1610612742,42,F,6,10,2.08,240.0,108.9,1992-01-29,2017,4,Bayern Munich,Bayern Munich/Germany,Germany
Torrey,Craig,"Craig, Torrey",1628470,1610612756,0,F,6,7,2.01,221.0,100.2,1990-12-19,2017,4,South Carolina Upstate,South Carolina Upstate/USA,USA
Mychal,Mulder,"Mulder, Mychal",1628539,1610612748,12,G,6,3,1.9,195.0,88.5,1994-06-12,2019,2,Kentucky,Kentucky/Canada,Canada
Grayson,Allen,"Allen, Grayson",1628960,1610612749,7,G,6,4,1.93,198.0,89.8,1995-10-08,2018,3,Duke,Duke/USA,USA
Udoka,Azubuike,"Azubuike, Udoka",1628962,1610612762,20,C-F,7,0,2.13,270.0,122.5,1999-09-17,2020,1,Kansas,Kansas/Nigeria,Nigeria
Marvin,Bagley III,"Bagley III, Marvin",1628963,1610612765,35,F,6,11,2.11,235.0,106.6,1999-03-14,2018,3,Duke,Duke/USA,USA
Mo,Bamba,"Bamba, Mo",1628964,1610612753,5,C,7,0,2.13,231.0,104.8,1998-05-12,2018,3,Texas-Austin,Texas-Austin/USA,USA
Keita,Bates-Diop,"Bates-Diop, Keita",1628966,1610612759,31,F,6,8,2.03,229.0,103.9,1996-01-23,2018,3,Ohio State,Ohio State/USA,USA
Mikal,Bridges,"Bridges, Mikal",1628969,1610612756,25,F,6,6,1.98,209.0,94.8,1996-08-30,2018,3,Villanova,Villanova/USA,USA
Miles,Bridges,"Bridges, Miles",1628970,1610612766,0,F,6,7,2.01,225.0,102.1,1998-03-21,2018,3,Michigan State,Michigan State/USA,USA
Bruce,Brown,"Brown, Bruce",1628971,1610612751,1,G-F,6,4,1.93,202.0,91.6,1996-08-15,2018,3,Miami,Miami/USA,USA
Troy,Brown Jr.,"Brown Jr., Troy",1628972,1610612741,7,G-F,6,6,1.98,215.0,97.5,1999-07-28,2018,3,Oregon,Oregon/USA,USA
Jalen,Brunson,"Brunson, Jalen",1628973,1610612742,13,G,6,1,1.85,190.0,86.2,1996-08-31,2018,3,Villanova,Villanova/USA,USA
Jevon,Carter,"Carter, Jevon",1628975,1610612749,5,G,6,1,1.85,200.0,90.7,1995-09-14,2018,3,West Virginia,West Virginia/USA,USA
Wendell,Carter Jr.,"Carter Jr., Wendell",1628976,1610612753,34,C-F,6,10,2.08,270.0,122.5,1999-04-16,2018,3,Duke,Duke/USA,USA
Hamidou,Diallo,"Diallo, Hamidou",1628977,1610612765,6,G,6,5,1.96,202.0,91.6,1998-07-31,2018,3,Kentucky,Kentucky/USA,USA
Donte,DiVincenzo,"DiVincenzo, Donte",1628978,1610612758,0,G,6,4,1.93,203.0,92.1,1997-01-31,2018,3,Villanova,Villanova/USA,USA
Bruno,Fernando,"Fernando, Bruno",1628981,1610612745,20,F-C,6,9,2.06,240.0,108.9,1998-08-15,2019,2,Maryland,Maryland/Angola,Angola
Melvin,Frazier Jr.,"Frazier Jr., Melvin",1628982,1610612760,6,G-F,6,5,1.96,215.0,97.5,1996-08-30,2018,2,Tulane,Tulane/USA,USA
Shai,Gilgeous-Alexander,"Gilgeous-Alexander, Shai",1628983,1610612760,2,G,6,6,1.98,180.0,81.6,1998-07-12,2018,3,Kentucky,Kentucky/Canada,Canada
Devonte',Graham,"Graham, Devonte'",1628984,1610612740,4,G,6,1,1.85,195.0,88.5,1995-02-22,2018,3,Kansas,Kansas/USA,USA
Aaron,Holiday,"Holiday, Aaron",1628988,1610612756,4,G,6,0,1.83,185.0,83.9,1996-09-30,2018,3,UCLA,UCLA/USA,USA
Kevin,Huerter,"Huerter, Kevin",1628989,1610612737,3,G-F,6,7,2.01,198.0,89.8,1998-08-27,2018,3,Maryland,Maryland/USA,USA
Jaren,Jackson Jr.,"Jackson Jr., Jaren",1628991,1610612763,13,F-C,6,11,2.11,242.0,109.8,1999-09-15,2018,3,Michigan State,Michigan State/USA,USA
Kevin,Knox II,"Knox II, Kevin",1628995,1610612737,5,F,6,7,2.01,215.0,97.5,1999-08-11,2018,3,Kentucky,Kentucky/USA,USA
Caleb,Martin,"Martin, Caleb",1628997,1610612748,16,F,6,5,1.96,205.0,93.0,1995-09-28,2019,2,Nevada-Reno,Nevada-Reno/USA,USA
Cody,Martin,"Martin, Cody",1628998,1610612766,11,F,6,6,1.98,205.0,93.0,1995-09-28,2019,2,Nevada-Reno,Nevada-Reno/USA,USA
De'Anthony,Melton,"Melton, De'Anthony",1629001,1610612763,0,G,6,2,1.88,200.0,90.7,1998-05-28,2018,3,Southern California,Southern California/USA,USA
Chimezie,Metu,"Metu, Chimezie",1629002,1610612758,7,F-C,6,9,2.06,225.0,102.1,1997-03-22,2018,3,Southern California,Southern California/USA,USA
Shake,Milton,"Milton, Shake",1629003,1610612755,18,G-F,6,5,1.96,205.0,93.0,1996-09-26,2018,3,Southern Methodist,Southern Methodist/USA,USA
Svi,Mykhailiuk,"Mykhailiuk, Svi",1629004,1610612761,14,G-F,6,7,2.01,205.0,93.0,1997-06-10,2018,3,Kansas,Kansas/Ukraine,Ukraine
Josh,Okogie,"Okogie, Josh",1629006,1610612750,20,G,6,4,1.93,213.0,96.6,1998-09-01,2018,3,Georgia Tech,Georgia Tech/Nigeria,Nigeria
Michael,Porter Jr.,"Porter Jr., Michael",1629008,1610612743,1,F,6,10,2.08,218.0,98.9,1998-06-29,2019,2,Missouri,Missouri/USA,USA
Mitchell,Robinson,"Robinson, Mitchell",1629011,1610612752,23,C-F,7,0,2.13,240.0,108.9,1998-04-01,2018,3,Western Kentucky,Western Kentucky/USA,USA
Collin,Sexton,"Sexton, Collin",1629012,1610612739,2,G,6,1,1.85,190.0,86.2,1999-01-04,2018,3,Alabama,Alabama/USA,USA
Landry,Shamet,"Shamet, Landry",1629013,1610612756,14,G,6,4,1.93,190.0,86.2,1997-03-13,2018,3,Wichita State,Wichita State/USA,USA
Anfernee,Simons,"Simons, Anfernee",1629014,1610612757,1,G,6,3,1.9,181.0,82.1,1999-06-08,2018,3,Edgewater HS (FL),Edgewater HS (FL)/USA,USA
Gary,Trent Jr.,"Trent Jr., Gary",1629018,1610612761,33,G-F,6,5,1.96,209.0,94.8,1999-01-18,2018,3,Duke,Duke/USA,USA
Jarred,Vanderbilt,"Vanderbilt, Jarred",1629020,1610612750,8,F,6,9,2.06,214.0,97.1,1999-04-03,2018,3,Kentucky,Kentucky/USA,USA
Moritz,Wagner,"Wagner, Moritz",1629021,1610612753,21,F-C,6,11,2.11,245.0,111.1,1997-04-26,2018,3,Michigan,Michigan/Germany,Germany
Lonnie,Walker IV,"Walker IV, Lonnie",1629022,1610612759,1,G-F,6,4,1.93,204.0,92.5,1998-12-14,2018,3,Miami,Miami/USA,USA
P.J.,Washington,"Washington, P.J.",1629023,1610612766,25,F,6,7,2.01,230.0,104.3,1998-08-23,2019,2,Kentucky,Kentucky/USA,USA
Kenrich,Williams,"Williams, Kenrich",1629026,1610612760,34,G-F,6,6,1.98,210.0,95.3,1994-12-02,2018,3,TCU,TCU/USA,USA
Trae,Young,"Young, Trae",1629027,1610612737,11,G,6,1,1.85,164.0,74.4,1998-09-19,2018,3,Oklahoma,Oklahoma/USA,USA
Deandre,Ayton,"Ayton, Deandre",1629028,1610612756,22,C,6,11,2.11,250.0,113.4,1998-07-23,2018,3,Arizona,Arizona/Bahamas,Bahamas
Luka,Doncic,"Doncic, Luka",1629029,1610612742,77,F-G,6,7,2.01,230.0,104.3,1999-02-28,2018,3,Real Madrid,Real Madrid/Slovenia,Slovenia
Theo,Pinson,"Pinson, Theo",1629033,1610612742,1,G-F,6,5,1.96,212.0,96.2,1995-11-05,2018,3,North Carolina,North Carolina/USA,USA
Carsen,Edwards,"Edwards, Carsen",1629035,1610612765,4,G,5,11,1.8,200.0,90.7,1998-03-12,2019,2,Purdue,Purdue/USA,USA
Goga,Bitadze,"Bitadze, Goga",1629048,1610612754,88,C-F,7,0,2.13,250.0,113.4,1999-07-20,2019,2,Mega Basket,Mega Basket/Georgia,Georgia
Oshae,Brissett,"Brissett, Oshae",1629052,1610612754,12,F-G,6,7,2.01,210.0,95.3,1998-06-20,2019,2,Syracuse,Syracuse/Canada,Canada
Terence,Davis,"Davis, Terence",1629056,1610612758,3,G,6,4,1.93,201.0,91.2,1997-05-16,2019,2,Mississippi,Mississippi/USA,USA
Robert,Williams III,"Williams III, Robert",1629057,1610612738,44,C-F,6,9,2.06,237.0,107.5,1997-10-17,2018,3,Texas A&M,Texas A&M/USA,USA
Rui,Hachimura,"Hachimura, Rui",1629060,1610612764,8,F,6,8,2.03,230.0,104.3,1998-02-08,2019,2,Gonzaga,Gonzaga/Japan,Japan
Isaac,Bonga,"Bonga, Isaac",1629067,1610612761,17,G,6,8,2.03,180.0,81.6,1999-11-08,2018,3,Skyliners Frankfurt,Skyliners Frankfurt/Germany,Germany
Tyler,Cook,"Cook, Tyler",1629076,1610612741,25,F,6,8,2.03,255.0,115.7,1997-09-23,2019,2,Iowa,Iowa/USA,USA
Arnoldas,Kulboka,"Kulboka, Arnoldas",1629083,1610612766,98,F,6,10,2.08,209.0,94.8,1998-01-04,2021,0,Bilbao,Bilbao/Lithuania,Lithuania
Gary,Clark,"Clark, Gary",1629109,1610612740,12,F,6,6,1.98,225.0,102.1,1994-11-16,2018,3,Cincinnati,Cincinnati/USA,USA
Jock,Landale,"Landale, Jock",1629111,1610612759,34,C,6,11,2.11,255.0,115.7,1995-10-25,2021,0,                                   ,Australia/Australia,Australia
Wenyen,Gabriel,"Gabriel, Wenyen",1629117,1610612747,35,F,6,9,2.06,205.0,93.0,1997-03-26,2019,2,Kentucky,Kentucky/South Sudan,South Sudan
Duncan,Robinson,"Robinson, Duncan",1629130,1610612748,55,F,6,7,2.01,215.0,97.5,1994-04-22,2018,3,Michigan,Michigan/USA,USA
Kendrick,Nunn,"Nunn, Kendrick",1629134,1610612747,12,G,6,2,1.88,190.0,86.2,1995-08-03,2019,2,Oakland,Oakland/USA,USA
Yuta,Watanabe,"Watanabe, Yuta",1629139,1610612761,18,G-F,6,9,2.06,215.0,97.5,1994-10-13,2018,3,George Washington,George Washington/Japan,Japan
Jordan,McLaughlin,"McLaughlin, Jordan",1629162,1610612750,6,G,5,11,1.8,185.0,83.9,1996-04-09,2019,2,Southern California,Southern California/USA,USA
Brandon,Goodwin,"Goodwin, Brandon",1629164,1610612739,0,G,6,0,1.83,180.0,81.6,1995-10-02,2018,3,Florida Gulf Coast,Florida Gulf Coast/USA,USA
Chris,Chiozza,"Chiozza, Chris",1629185,1610612744,2,G,5,11,1.8,175.0,79.4,1995-11-21,2018,3,Florida,Florida/USA,USA
Gabe,Vincent,"Vincent, Gabe",1629216,1610612748,2,G,6,3,1.9,200.0,90.7,1996-06-14,2019,2,California-Santa Barbara,California-Santa Barbara/USA,USA
Juan,Toscano-Anderson,"Toscano-Anderson, Juan",1629308,1610612744,95,F,6,6,1.98,209.0,94.8,1993-04-10,2019,2,Marquette,Marquette/USA,USA
Haywood,Highsmith,"Highsmith, Haywood",1629312,1610612748,24,F,6,4,1.93,220.0,99.8,1996-12-09,2018,1,Wheeling Jesuit,Wheeling Jesuit/USA,USA
Amir,Coffey,"Coffey, Amir",1629599,1610612746,7,G-F,6,7,2.01,210.0,95.3,1997-06-17,2019,2,Minnesota,Minnesota/USA,USA
CJ,Elleby,"Elleby, CJ",1629604,1610612757,16,F-G,6,6,1.98,200.0,90.7,2000-06-16,2020,1,Washington State,Washington State/USA,USA
Jared,Harper,"Harper, Jared",1629607,1610612740,2,G,5,10,1.78,175.0,79.4,1997-09-14,2019,2,Auburn,Auburn/USA,USA
Terance,Mann,"Mann, Terance",1629611,1610612746,14,G-F,6,5,1.96,215.0,97.5,1996-10-18,2019,2,Florida State,Florida State/USA,USA
Myles,Powell,"Powell, Myles",1629619,1610612755,5,G,6,2,1.88,195.0,88.5,1997-07-07,2021,0,Seton Hall,Seton Hall/USA,USA
Max,Strus,"Strus, Max",1629622,1610612748,31,G-F,6,5,1.96,215.0,97.5,1996-03-28,2019,2,DePaul,DePaul/USA,USA
Lindell,Wigginton,"Wigginton, Lindell",1629623,1610612749,28,G,6,1,1.85,189.0,85.7,1998-03-28,2021,0,Iowa State,Iowa State/Canada,Canada
Bol,Bol,"Bol, Bol",1629626,1610612753,10,C-F,7,2,2.18,220.0,99.8,1999-11-16,2019,2,Oregon,Oregon/Sudan,Sudan
Zion,Williamson,"Williamson, Zion",1629627,1610612740,1,F,6,6,1.98,284.0,128.8,2000-07-06,2019,2,Duke,Duke/USA,USA
RJ,Barrett,"Barrett, RJ",1629628,1610612752,9,F-G,6,6,1.98,214.0,97.1,2000-06-14,2019,2,Duke,Duke/Canada,Canada
Cam,Reddish,"Reddish, Cam",1629629,1610612752,21,F-G,6,8,2.03,217.0,98.4,1999-09-01,2019,2,Duke,Duke/USA,USA
Ja,Morant,"Morant, Ja",1629630,1610612763,12,G,6,3,1.9,174.0,78.9,1999-08-10,2019,2,Murray State,Murray State/USA,USA
De'Andre,Hunter,"Hunter, De'Andre",1629631,1610612737,12,F-G,6,8,2.03,221.0,100.2,1997-12-02,2019,2,Virginia,Virginia/USA,USA
Coby,White,"White, Coby",1629632,1610612741,0,G,6,4,1.93,195.0,88.5,2000-02-16,2019,2,North Carolina,North Carolina/USA,USA
Jarrett,Culver,"Culver, Jarrett",1629633,1610612763,23,G-F,6,6,1.98,195.0,88.5,1999-02-20,2019,2,Texas Tech,Texas Tech/USA,USA
Brandon,Clarke,"Clarke, Brandon",1629634,1610612763,15,F,6,8,2.03,215.0,97.5,1996-09-19,2019,2,Gonzaga,Gonzaga/Canada,Canada
Darius,Garland,"Garland, Darius",1629636,1610612739,10,G,6,1,1.85,192.0,87.1,2000-01-26,2019,2,Vanderbilt,Vanderbilt/USA,USA
Jaxson,Hayes,"Hayes, Jaxson",1629637,1610612740,10,C-F,6,11,2.11,220.0,99.8,2000-05-23,2019,2,Texas-Austin,Texas-Austin/USA,USA
Nickeil,Alexander-Walker,"Alexander-Walker, Nickeil",1629638,1610612762,6,G,6,5,1.96,205.0,93.0,1998-09-02,2019,2,Virginia Tech,Virginia Tech/Canada,Canada
Tyler,Herro,"Herro, Tyler",1629639,1610612748,14,G,6,5,1.96,195.0,88.5,2000-01-20,2019,2,Kentucky,Kentucky/USA,USA
Keldon,Johnson,"Johnson, Keldon",1629640,1610612759,3,F-G,6,6,1.98,220.0,99.8,1999-10-11,2019,2,Kentucky,Kentucky/USA,USA
Romeo,Langford,"Langford, Romeo",1629641,1610612759,35,G-F,6,5,1.96,216.0,98.0,1999-10-25,2019,2,Indiana,Indiana/USA,USA
Nassir,Little,"Little, Nassir",1629642,1610612757,9,F-G,6,5,1.96,220.0,99.8,2000-02-11,2019,2,North Carolina,North Carolina/USA,USA
Chuma,Okeke,"Okeke, Chuma",1629643,1610612753,3,F,6,6,1.98,229.0,103.9,1998-08-18,2020,1,Auburn,Auburn/USA,USA
Kevin,Porter Jr.,"Porter Jr., Kevin",1629645,1610612745,3,G-F,6,4,1.93,203.0,92.1,2000-05-04,2019,2,Southern California,Southern California/USA,USA
Charles,Bassey,"Bassey, Charles",1629646,1610612755,23,C-F,6,9,2.06,230.0,104.3,2000-10-28,2021,0,Western Kentucky,Western Kentucky/Nigeria,Nigeria
Darius,Bazley,"Bazley, Darius",1629647,1610612760,7,F,6,8,2.03,208.0,94.3,2000-06-12,2019,2,Princeton HS (OH),Princeton HS (OH)/USA,USA
Ignas,Brazdeikis,"Brazdeikis, Ignas",1629649,1610612753,17,F,6,6,1.98,221.0,100.2,1999-01-08,2019,2,Michigan,Michigan/Canada,Canada
Moses,Brown,"Brown, Moses",1629650,1610612739,6,C,7,2,2.18,245.0,111.1,1999-10-13,2019,2,UCLA,UCLA/USA,USA
Nic,Claxton,"Claxton, Nic",1629651,1610612751,33,F-C,6,11,2.11,215.0,97.5,1999-04-17,2019,2,Georgia,Georgia/USA,USA
Luguentz,Dort,"Dort, Luguentz",1629652,1610612760,5,G,6,3,1.9,215.0,97.5,1999-04-19,2019,2,Arizona State,Arizona State/Canada,Canada
Daniel,Gafford,"Gafford, Daniel",1629655,1610612764,21,F-C,6,9,2.06,234.0,106.1,1998-10-01,2019,2,Arkansas,Arkansas/USA,USA
Quentin,Grimes,"Grimes, Quentin",1629656,1610612752,6,G,6,4,1.93,210.0,95.3,2000-05-08,2021,0,Houston,Houston/USA,USA
Talen,Horton-Tucker,"Horton-Tucker, Talen",1629659,1610612747,5,G,6,4,1.93,234.0,106.1,2000-11-25,2019,2,Iowa State,Iowa State/USA,USA
Ty,Jerome,"Jerome, Ty",1629660,1610612760,16,G-F,6,5,1.96,195.0,88.5,1997-07-08,2019,2,Virginia,Virginia/USA,USA
Cameron,Johnson,"Johnson, Cameron",1629661,1610612756,23,F,6,8,2.03,210.0,95.3,1996-03-03,2019,2,North Carolina,North Carolina/USA,USA
Jalen,McDaniels,"McDaniels, Jalen",1629667,1610612766,6,F-C,6,9,2.06,205.0,93.0,1998-01-31,2019,2,San Diego State,San Diego State/USA,USA
Jaylen,Nowell,"Nowell, Jaylen",1629669,1610612750,4,G,6,4,1.93,201.0,91.2,1999-07-09,2019,2,Washington,Washington/USA,USA
Jordan,Nwora,"Nwora, Jordan",1629670,1610612749,13,F,6,8,2.03,225.0,102.1,1998-09-09,2020,1,Louisville,Louisville/USA,USA
Eric,Paschall,"Paschall, Eric",1629672,1610612762,0,F,6,6,1.98,255.0,115.7,1996-11-04,2019,2,Villanova,Villanova/USA,USA
Jordan,Poole,"Poole, Jordan",1629673,1610612744,3,G,6,4,1.93,194.0,88.0,1999-06-19,2019,2,Michigan,Michigan/USA,USA
Neemias,Queta,"Queta, Neemias",1629674,1610612758,88,C,7,0,2.13,248.0,112.5,1999-07-13,2021,0,Utah State,Utah State/Portugal,Portugal
Naz,Reid,"Reid, Naz",1629675,1610612750,11,C-F,6,9,2.06,264.0,119.8,1999-08-26,2019,2,Louisiana State,Louisiana State/USA,USA
Isaiah,Roby,"Roby, Isaiah",1629676,1610612760,22,F,6,8,2.03,230.0,104.3,1998-02-03,2019,2,Nebraska-Lincoln,Nebraska-Lincoln/USA,USA
Admiral,Schofield,"Schofield, Admiral",1629678,1610612753,25,F,6,5,1.96,241.0,109.3,1997-03-30,2019,1,Tennessee,Tennessee/United Kingdom,United Kingdom
Matisse,Thybulle,"Thybulle, Matisse",1629680,1610612755,22,G-F,6,5,1.96,201.0,91.2,1997-03-04,2019,2,Washington,Washington/USA,USA
Killian,Tillie,"Tillie, Killian",1629681,1610612763,35,F-C,6,9,2.06,220.0,99.8,1998-03-05,2020,1,Gonzaga,Gonzaga/France,France
Quinndary,Weatherspoon,"Weatherspoon, Quinndary",1629683,1610612744,15,G,6,3,1.9,205.0,93.0,1996-09-10,2019,2,Mississippi State,Mississippi State/USA,USA
Grant,Williams,"Williams, Grant",1629684,1610612738,12,F,6,6,1.98,236.0,107.0,1998-11-30,2019,2,Tennessee,Tennessee/USA,USA
Dylan,Windler,"Windler, Dylan",1629685,1610612739,9,G-F,6,6,1.98,196.0,88.9,1996-09-22,2020,1,Belmont,Belmont/USA,USA
Didi,Louzada,"Louzada, Didi",1629712,1610612757,35,G,6,5,1.96,188.0,85.3,1999-07-02,2020,1,Sydney Kings,Sydney Kings/Brazil,Brazil
Armoni,Brooks,"Brooks, Armoni",1629717,1610612761,1,G,6,3,1.9,195.0,88.5,1998-06-05,2020,1,Houston,Houston/USA,USA
Charlie,Brown Jr.,"Brown Jr., Charlie",1629718,1610612755,16,G,6,6,1.98,199.0,90.3,1997-02-02,2019,2,St. Joseph's (PA),St. Joseph's (PA)/USA,USA
Devontae,Cacok,"Cacok, Devontae",1629719,1610612759,18,F,6,7,2.01,240.0,108.9,1996-10-08,2019,2,North Carolina-Wilmington,North Carolina-Wilmington/USA,USA
John,Konchar,"Konchar, John",1629723,1610612763,46,G,6,5,1.96,210.0,95.3,1996-03-22,2019,2,Indiana-Purdue Fort Wayne,Indiana-Purdue Fort Wayne/USA,USA
Garrison,Mathews,"Mathews, Garrison",1629726,1610612745,25,G,6,5,1.96,215.0,97.5,1996-10-24,2019,2,Lipscomb,Lipscomb/USA,USA
Rayjon,Tucker,"Tucker, Rayjon",1629730,1610612749,59,G,6,3,1.9,209.0,94.8,1997-09-24,2019,2,Arkansas-Little Rock,Arkansas-Little Rock/USA,USA
Dean,Wade,"Wade, Dean",1629731,1610612739,32,F-C,6,9,2.06,228.0,103.4,1996-11-20,2019,2,Kansas State,Kansas State/USA,USA
Matt,Thomas,"Thomas, Matt",1629744,1610612741,21,G,6,3,1.9,190.0,86.2,1994-08-04,2019,2,Iowa State,Iowa State/USA,USA
Javonte,Green,"Green, Javonte",1629750,1610612741,24,G-F,6,5,1.96,205.0,93.0,1993-07-23,2019,2,Radford,Radford/USA,USA
Juwan,Morgan,"Morgan, Juwan",1629752,1610612738,16,F,6,7,2.01,232.0,105.2,1997-04-17,2019,2,Indiana,Indiana/USA,USA
Keljin,Blevins,"Blevins, Keljin",1629833,1610612757,21,G,6,4,1.93,200.0,90.7,1995-11-24,2020,1,Montana State,Montana State/USA,USA
Xavier,Moon,"Moon, Xavier",1629875,1610612746,15,G,6,2,1.88,165.0,74.8,1995-01-02,2021,0,Morehead State,Morehead State/USA,USA
Devin,Cannady,"Cannady, Devin",1629962,1610612753,30,G,6,2,1.88,183.0,83.0,1996-05-21,2020,1,Princeton,Princeton/USA,USA
Anthony,Edwards,"Edwards, Anthony",1630162,1610612750,1,G,6,4,1.93,225.0,102.1,2001-08-05,2020,1,Georgia,Georgia/USA,USA
LaMelo,Ball,"Ball, LaMelo",1630163,1610612766,2,G,6,7,2.01,180.0,81.6,2001-08-22,2020,1,Illawarra,Illawarra/USA,USA
James,Wiseman,"Wiseman, James",1630164,1610612744,33,C,7,0,2.13,240.0,108.9,2001-03-31,2020,1,Memphis,Memphis/USA,USA
Killian,Hayes,"Hayes, Killian",1630165,1610612765,7,G,6,5,1.96,195.0,88.5,2001-07-27,2020,1,Ratiopharm Ulm,Ratiopharm Ulm/France,France
Deni,Avdija,"Avdija, Deni",1630166,1610612764,9,F,6,9,2.06,210.0,95.3,2001-01-03,2020,1,Maccabi Tel Aviv,Maccabi Tel Aviv/Israel,Israel
Obi,Toppin,"Toppin, Obi",1630167,1610612752,1,F,6,9,2.06,220.0,99.8,1998-03-04,2020,1,Dayton,Dayton/USA,USA
Onyeka,Okongwu,"Okongwu, Onyeka",1630168,1610612737,17,F-C,6,8,2.03,240.0,108.9,2000-12-11,2020,1,Southern California,Southern California/USA,USA
Tyrese,Haliburton,"Haliburton, Tyrese",1630169,1610612754,0,G,6,5,1.96,185.0,83.9,2000-02-29,2020,1,Iowa State,Iowa State/USA,USA
Devin,Vassell,"Vassell, Devin",1630170,1610612759,24,G-F,6,5,1.96,200.0,90.7,2000-08-23,2020,1,Florida State,Florida State/USA,USA
Isaac,Okoro,"Okoro, Isaac",1630171,1610612739,35,F-G,6,5,1.96,225.0,102.1,2001-01-26,2020,1,Auburn,Auburn/USA,USA
Patrick,Williams,"Williams, Patrick",1630172,1610612741,44,F,6,7,2.01,215.0,97.5,2001-08-26,2020,1,Florida State,Florida State/USA,USA
Precious,Achiuwa,"Achiuwa, Precious",1630173,1610612761,5,F,6,8,2.03,225.0,102.1,1999-09-19,2020,1,Memphis,Memphis/Nigeria,Nigeria
Aaron,Nesmith,"Nesmith, Aaron",1630174,1610612738,26,G-F,6,5,1.96,215.0,97.5,1999-10-16,2020,1,Vanderbilt,Vanderbilt/USA,USA
Cole,Anthony,"Anthony, Cole",1630175,1610612753,50,G,6,3,1.9,185.0,83.9,2000-05-15,2020,1,North Carolina,North Carolina/USA,USA
Vernon,Carey Jr.,"Carey Jr., Vernon",1630176,1610612764,22,F-C,6,9,2.06,270.0,122.5,2001-02-25,2020,1,Duke,Duke/USA,USA
Theo,Maledon,"Maledon, Theo",1630177,1610612760,11,G,6,4,1.93,175.0,79.4,2001-06-12,2020,1,Asvel,Asvel/France,France
Tyrese,Maxey,"Maxey, Tyrese",1630178,1610612755,0,G,6,2,1.88,200.0,90.7,2000-11-04,2020,1,Kentucky,Kentucky/USA,USA
Tyrell,Terry,"Terry, Tyrell",1630179,1610612763,3,G,6,2,1.88,160.0,72.6,2000-09-28,2020,1,Stanford,Stanford/USA,USA
Saddiq,Bey,"Bey, Saddiq",1630180,1610612765,41,F,6,7,2.01,215.0,97.5,1999-04-09,2020,1,Villanova,Villanova/USA,USA
R.J.,Hampton,"Hampton, R.J.",1630181,1610612753,13,G,6,4,1.93,175.0,79.4,2001-02-07,2020,1,New Zealand Breakers,New Zealand Breakers/USA,USA
Josh,Green,"Green, Josh",1630182,1610612742,8,G,6,5,1.96,200.0,90.7,2000-11-16,2020,1,Arizona,Arizona/Australia,Australia
Jaden,McDaniels,"McDaniels, Jaden",1630183,1610612750,3,F,6,9,2.06,185.0,83.9,2000-09-29,2020,1,Washington,Washington/USA,USA
Kira,Lewis Jr.,"Lewis Jr., Kira",1630184,1610612740,13,G,6,1,1.85,170.0,77.1,2001-04-06,2020,1,Alabama,Alabama/USA,USA
Jalen,Smith,"Smith, Jalen",1630188,1610612754,25,F-C,6,10,2.08,215.0,97.5,2000-03-16,2020,1,Maryland,Maryland/USA,USA
Elijah,Hughes,"Hughes, Elijah",1630190,1610612757,19,G,6,5,1.96,215.0,97.5,1998-03-10,2020,1,Syracuse,Syracuse/USA,USA
Isaiah,Stewart,"Stewart, Isaiah",1630191,1610612765,28,F-C,6,8,2.03,250.0,113.4,2001-05-22,2020,1,Washington,Washington/USA,USA
Zeke,Nnaji,"Nnaji, Zeke",1630192,1610612743,22,F-C,6,9,2.06,240.0,108.9,2001-01-09,2020,1,Arizona,Arizona/USA,USA
Immanuel,Quickley,"Quickley, Immanuel",1630193,1610612752,5,G,6,3,1.9,190.0,86.2,1999-06-17,2020,1,Kentucky,Kentucky/USA,USA
Paul,Reed,"Reed, Paul",1630194,1610612755,44,F,6,9,2.06,210.0,95.3,1999-06-14,2020,1,DePaul,DePaul/USA,USA
Leandro,Bolmaro,"Bolmaro, Leandro",1630195,1610612750,9,F,6,6,1.98,200.0,90.7,2000-09-11,2021,0,FC Barcelona,FC Barcelona/Argentina,Argentina
Aleksej,Pokusevski,"Pokusevski, Aleksej",1630197,1610612760,17,F,7,0,2.13,190.0,86.2,2001-12-26,2020,1,Olympiacos,Olympiacos/Serbia,Serbia
Isaiah,Joe,"Joe, Isaiah",1630198,1610612755,7,G,6,4,1.93,165.0,74.8,1999-07-02,2020,1,Arkansas,Arkansas/USA,USA
Tre,Jones,"Jones, Tre",1630200,1610612759,33,G,6,1,1.85,185.0,83.9,2000-01-08,2020,1,Duke,Duke/USA,USA
Malachi,Flynn,"Flynn, Malachi",1630201,1610612761,22,G,6,1,1.85,175.0,79.4,1998-05-09,2020,1,San Diego State,San Diego State/USA,USA
Payton,Pritchard,"Pritchard, Payton",1630202,1610612738,11,G,6,1,1.85,195.0,88.5,1998-01-28,2020,1,Oregon,Oregon/USA,USA
Lamar,Stevens,"Stevens, Lamar",1630205,1610612739,8,F,6,6,1.98,230.0,104.3,1997-07-09,2020,1,Penn State,Penn State/USA,USA
Jay,Scrubb,"Scrubb, Jay",1630206,1610612746,0,G,6,5,1.96,220.0,99.8,2000-09-01,2020,1,John A. Logan,John A. Logan/USA,USA
Nate,Hinton,"Hinton, Nate",1630207,1610612754,14,G-F,6,5,1.96,210.0,95.3,1999-06-08,2020,1,Houston,Houston/USA,USA
Nick,Richards,"Richards, Nick",1630208,1610612766,14,C,7,0,2.13,245.0,111.1,1997-11-29,2020,1,Kentucky,Kentucky/Jamaica,Jamaica
Omer,Yurtseven,"Yurtseven, Omer",1630209,1610612748,77,C,6,11,2.11,275.0,124.7,1998-06-19,2021,0,Georgetown,Georgetown/Turkey,Turkey
Markus,Howard,"Howard, Markus",1630210,1610612743,0,G,5,10,1.78,175.0,79.4,1999-03-03,2020,1,Marquette,Marquette/USA,USA
Xavier,Tillman,"Tillman, Xavier",1630214,1610612763,2,F,6,8,2.03,245.0,111.1,1999-01-12,2020,1,Michigan State,Michigan State/USA,USA
Jared,Butler,"Butler, Jared",1630215,1610612762,13,G,6,3,1.9,193.0,87.5,2000-08-25,2021,0,Baylor,Baylor/USA,USA
Cassius,Winston,"Winston, Cassius",1630216,1610612764,5,G,6,1,1.85,185.0,83.9,1998-02-28,2020,1,Michigan State,Michigan State/USA,USA
Desmond,Bane,"Bane, Desmond",1630217,1610612763,22,G,6,5,1.96,215.0,97.5,1998-06-25,2020,1,TCU,TCU/USA,USA
Robert,Woodard II,"Woodard II, Robert",1630218,1610612759,28,F,6,6,1.98,235.0,106.6,1999-09-22,2020,1,Mississippi State,Mississippi State/USA,USA
Skylar,Mays,"Mays, Skylar",1630219,1610612737,4,G,6,4,1.93,205.0,93.0,1997-09-05,2020,1,Louisiana State,Louisiana State/USA,USA
Mason,Jones,"Jones, Mason",1630222,1610612747,40,G,6,4,1.93,200.0,90.7,1998-07-21,2020,1,Arkansas,Arkansas/USA,USA
Jalen,Green,"Green, Jalen",1630224,1610612745,0,G,6,4,1.93,186.0,84.4,2002-02-09,2021,0,NBA G League Ignite,NBA G League Ignite/USA,USA
Isaiah,Todd,"Todd, Isaiah",1630225,1610612764,14,F,6,9,2.06,219.0,99.3,2001-10-17,2021,0,NBA G League Ignite,NBA G League Ignite/USA,USA
Daishen,Nix,"Nix, Daishen",1630227,1610612745,15,G,6,4,1.93,226.0,102.5,2002-02-13,2021,0,NBA G League Ignite,NBA G League Ignite/USA,USA
Jonathan,Kuminga,"Kuminga, Jonathan",1630228,1610612744,0,F,6,7,2.01,225.0,102.1,2002-10-06,2021,0,NBA G League Ignite,NBA G League Ignite/DRC,DRC
Naji,Marshall,"Marshall, Naji",1630230,1610612740,8,F,6,7,2.01,220.0,99.8,1998-01-24,2020,1,Xavier,Xavier/USA,USA
Kenyon,Martin Jr.,"Martin Jr., Kenyon",1630231,1610612745,6,F,6,5,1.96,215.0,97.5,2001-01-06,2020,1,IMG Academy (FL),IMG Academy (FL)/USA,USA
Nathan,Knight,"Knight, Nathan",1630233,1610612750,13,F-C,6,10,2.08,253.0,114.8,1997-09-20,2020,1,William & Mary,William & Mary/USA,USA
Trent,Forrest,"Forrest, Trent",1630235,1610612762,3,G,6,4,1.93,210.0,95.3,1998-06-12,2020,1,Florida State,Florida State/USA,USA
Anthony,Lamb,"Lamb, Anthony",1630237,1610612745,33,F,6,6,1.98,227.0,103.0,1998-01-20,2020,1,Vermont,Vermont/USA,USA
Malik,Fitts,"Fitts, Malik",1630238,1610612738,8,F,6,5,1.96,230.0,104.3,1997-07-04,2020,1,St. Mary's College,St. Mary's College/USA,USA
Saben,Lee,"Lee, Saben",1630240,1610612765,38,G,6,2,1.88,183.0,83.0,1999-06-23,2020,1,Vanderbilt,Vanderbilt/USA,USA
Trevelin,Queen,"Queen, Trevelin",1630243,1610612745,21,G,6,6,1.98,190.0,86.2,1997-02-25,2021,0,New Mexico State,New Mexico State/USA,USA
Ayo,Dosunmu,"Dosunmu, Ayo",1630245,1610612741,12,G,6,4,1.93,200.0,90.7,2000-01-17,2021,0,Illinois,Illinois/USA,USA
Vit,Krejci,"Krejci, Vit",1630249,1610612760,27,G,6,8,2.03,195.0,88.5,2000-06-19,2021,0,Zaragoza,Zaragoza/Czech Republic,Czech Republic
Marko,Simonovic,"Simonovic, Marko",1630250,1610612741,19,C,6,11,2.11,220.0,99.8,1999-10-15,2021,0,Mega Basket,Mega Basket/Montenegro,Montenegro
Jae'Sean,Tate,"Tate, Jae'Sean",1630256,1610612745,8,F,6,4,1.93,230.0,104.3,1995-10-28,2020,1,Ohio State,Ohio State/USA,USA
Anthony,Gill,"Gill, Anthony",1630264,1610612764,16,F,6,7,2.01,230.0,104.3,1992-10-17,2020,1,Virginia,Virginia/USA,USA
Facundo,Campazzo,"Campazzo, Facundo",1630267,1610612743,7,G,5,10,1.78,195.0,88.5,1991-03-23,2020,1,Murcia,Murcia/Argentina,Argentina
Xavier,Sneed,"Sneed, Xavier",1630270,1610612762,19,F,6,5,1.96,215.0,97.5,1997-12-21,2021,0,Kansas State,Kansas State/USA,USA
Brodric,Thomas,"Thomas, Brodric",1630271,1610612738,97,G,6,5,1.96,185.0,83.9,1997-01-28,2020,1,Truman State,Truman State/USA,USA
Braxton,Key,"Key, Braxton",1630296,1610612765,17,F,6,8,2.03,225.0,102.1,1997-02-14,2021,0,Virginia,Virginia/USA,USA
Brandon,Williams,"Williams, Brandon",1630314,1610612757,8,G,6,2,1.88,190.0,86.2,1999-11-22,2021,0,Arizona,Arizona/USA,USA
Lindy,Waters III,"Waters III, Lindy",1630322,1610612760,12,F,6,6,1.98,215.0,97.5,1997-07-28,2021,0,Oklahoma State,Oklahoma State/USA,USA
Matt,Ryan,"Ryan, Matt",1630346,1610612738,0,F,6,7,2.01,215.0,97.5,1997-04-17,2021,0,Tennessee-Chattanooga,Tennessee-Chattanooga/USA,USA
Luca,Vildoza,"Vildoza, Luca",1630492,1610612749,6,G,6,3,1.9,190.0,86.2,1995-08-11,0,0,Baskonia,Baskonia/Argentina,Argentina
David,Johnson,"Johnson, David",1630525,1610612761,13,G,6,4,1.93,203.0,92.1,2001-02-26,2021,0,Louisville,Louisville/USA,USA
Jeremiah,Robinson-Earl,"Robinson-Earl, Jeremiah",1630526,1610612760,50,F,6,8,2.03,242.0,109.8,2000-11-03,2021,0,Villanova,Villanova/USA,USA
Brandon,Boston Jr.,"Boston Jr., Brandon",1630527,1610612746,4,G,6,6,1.98,188.0,85.3,2001-11-28,2021,0,Kentucky,Kentucky/USA,USA
Josh,Christopher,"Christopher, Josh",1630528,1610612745,9,G,6,3,1.9,215.0,97.5,2001-12-08,2021,0,Arizona State,Arizona State/USA,USA
Herbert,Jones,"Jones, Herbert",1630529,1610612740,5,F,6,7,2.01,206.0,93.4,1998-10-06,2021,0,Alabama,Alabama/USA,USA
Trey,Murphy III,"Murphy III, Trey",1630530,1610612740,25,F,6,8,2.03,206.0,93.4,2000-06-18,2021,0,Virginia,Virginia/USA,USA
Jaden,Springer,"Springer, Jaden",1630531,1610612755,11,G,6,4,1.93,202.0,91.6,2002-09-25,2021,0,Tennessee,Tennessee/USA,USA
Franz,Wagner,"Wagner, Franz",1630532,1610612753,22,F,6,10,2.08,220.0,99.8,2001-08-27,2021,0,Michigan,Michigan/Germany,Germany
Ziaire,Williams,"Williams, Ziaire",1630533,1610612763,8,F,6,9,2.06,185.0,83.9,2001-09-12,2021,0,Stanford,Stanford/USA,USA
Greg,Brown III,"Brown III, Greg",1630535,1610612757,4,F,6,7,2.01,206.0,93.4,2001-09-01,2021,0,Texas-Austin,Texas-Austin/USA,USA
Sharife,Cooper,"Cooper, Sharife",1630536,1610612737,2,G,6,1,1.85,176.0,79.8,2001-06-11,2021,0,Auburn,Auburn/USA,USA
Chris,Duarte,"Duarte, Chris",1630537,1610612754,3,G,6,5,1.96,190.0,86.2,1997-06-13,2021,0,Oregon,Oregon/Dominican Republic,Dominican Republic
Bones,Hyland,"Hyland, Bones",1630538,1610612743,3,G,6,2,1.88,169.0,76.7,2000-09-14,2021,0,Virginia Commonwealth,Virginia Commonwealth/USA,USA
Kai,Jones,"Jones, Kai",1630539,1610612766,23,C-F,6,10,2.08,221.0,100.2,2001-01-19,2021,0,Texas-Austin,Texas-Austin/Bahamas,Bahamas
Miles,McBride,"McBride, Miles",1630540,1610612752,2,G,6,1,1.85,195.0,88.5,2000-09-08,2021,0,West Virginia,West Virginia/USA,USA
Moses,Moody,"Moody, Moses",1630541,1610612744,4,G,6,5,1.96,211.0,95.7,2002-05-31,2021,0,Arkansas,Arkansas/USA,USA
Isaiah,Jackson,"Jackson, Isaiah",1630543,1610612754,23,F,6,10,2.08,205.0,93.0,2002-01-10,2021,0,Kentucky,Kentucky/USA,USA
Tre,Mann,"Mann, Tre",1630544,1610612760,23,G,6,3,1.9,178.0,80.7,2001-02-03,2021,0,Florida,Florida/USA,USA
James,Bouknight,"Bouknight, James",1630547,1610612766,5,G,6,4,1.93,190.0,86.2,2000-09-18,2021,0,Connecticut,Connecticut/USA,USA
Day'Ron,Sharpe,"Sharpe, Day'Ron",1630549,1610612751,20,F,6,9,2.06,265.0,120.2,2001-11-06,2021,0,North Carolina,North Carolina/USA,USA
JT,Thor,"Thor, JT",1630550,1610612766,21,F,6,9,2.06,203.0,92.1,2002-08-26,2021,0,Auburn,Auburn/USA,USA
Justin,Champagnie,"Champagnie, Justin",1630551,1610612761,11,G-F,6,6,1.98,206.0,93.4,2001-06-29,2021,0,Pittsburgh,Pittsburgh/USA,USA
Jalen,Johnson,"Johnson, Jalen",1630552,1610612737,1,F,6,8,2.03,219.0,99.3,2001-12-18,2021,0,Duke,Duke/USA,USA
Keon,Johnson,"Johnson, Keon",1630553,1610612757,6,G,6,4,1.93,185.0,83.9,2002-03-10,2021,0,Tennessee,Tennessee/USA,USA
Jason,Preston,"Preston, Jason",1630554,1610612746,17,G,6,3,1.9,181.0,82.1,1999-08-10,0,0,Ohio,Ohio/USA,USA
Kessler,Edwards,"Edwards, Kessler",1630556,1610612751,14,F,6,7,2.01,203.0,92.1,2000-08-09,2021,0,Pepperdine,Pepperdine/USA,USA
Corey,Kispert,"Kispert, Corey",1630557,1610612764,24,F,6,6,1.98,224.0,101.6,1999-03-03,2021,0,Gonzaga,Gonzaga/USA,USA
Davion,Mitchell,"Mitchell, Davion",1630558,1610612758,15,G,6,0,1.83,202.0,91.6,1998-09-05,2021,0,Baylor,Baylor/USA,USA
Austin,Reaves,"Reaves, Austin",1630559,1610612747,15,G,6,5,1.96,197.0,89.4,1998-05-29,2021,0,Oklahoma,Oklahoma/USA,USA
Cam,Thomas,"Thomas, Cam",1630560,1610612751,24,G,6,3,1.9,210.0,95.3,2001-10-13,2021,0,Louisiana State,Louisiana State/Japan,Japan
David,Duke Jr.,"Duke Jr., David",1630561,1610612751,6,G,6,4,1.93,204.0,92.5,1999-10-13,2021,0,Providence,Providence/USA,USA
Joshua,Primo,"Primo, Joshua",1630563,1610612759,11,G,6,4,1.93,189.0,85.7,2002-12-24,2021,0,Alabama,Alabama/Canada,Canada
Scottie,Barnes,"Barnes, Scottie",1630567,1610612761,4,F,6,7,2.01,225.0,102.1,2001-08-01,2021,0,Florida State,Florida State/USA,USA
Luka,Garza,"Garza, Luka",1630568,1610612765,55,C,6,10,2.08,243.0,110.2,1998-12-27,2021,0,Iowa,Iowa/USA,USA
Trendon,Watford,"Watford, Trendon",1630570,1610612757,2,F,6,8,2.03,237.0,107.5,2000-11-09,2021,0,Louisiana State,Louisiana State/USA,USA
Sandro,Mamukelashvili,"Mamukelashvili, Sandro",1630572,1610612749,54,F-C,6,9,2.06,240.0,108.9,1999-05-23,2021,0,Seton Hall,Seton Hall/Georgia,Georgia
Sam,Hauser,"Hauser, Sam",1630573,1610612738,30,F,6,7,2.01,217.0,98.4,1997-12-08,2021,0,Virginia,Virginia/USA,USA
Scottie,Lewis,"Lewis, Scottie",1630575,1610612766,16,G,6,5,1.96,185.0,83.9,2000-03-12,2021,0,Florida,Florida/USA,USA
Alperen,Sengun,"Sengun, Alperen",1630578,1610612745,28,C,6,10,2.08,243.0,110.2,2002-07-25,2021,0,Besiktas,Besiktas/Turkey,Turkey
Jericho,Sims,"Sims, Jericho",1630579,1610612752,45,C,6,9,2.06,250.0,113.4,1998-10-20,2021,0,Texas-Austin,Texas-Austin/USA,USA
Joe,Wieskamp,"Wieskamp, Joe",1630580,1610612759,15,G-F,6,6,1.98,205.0,93.0,1999-08-23,2021,0,Iowa,Iowa/USA,USA
Josh,Giddey,"Giddey, Josh",1630581,1610612760,3,G,6,8,2.03,205.0,93.0,2002-10-10,2021,0,NBA Global Academy,NBA Global Academy/Australia,Australia
Yves,Pons,"Pons, Yves",1630582,1610612763,5,F,6,5,1.96,206.0,93.4,1999-05-07,2021,0,Tennessee,Tennessee/France,France
Santi,Aldama,"Aldama, Santi",1630583,1610612763,7,F-C,6,11,2.11,215.0,97.5,2001-01-10,2021,0,Loyola-Maryland,Loyola-Maryland/Spain,Spain
Usman,Garuba,"Garuba, Usman",1630586,1610612745,16,F,6,8,2.03,229.0,103.9,2002-03-09,2021,0,Real Madrid,Real Madrid/Spain,Spain
Isaiah,Livers,"Livers, Isaiah",1630587,1610612765,12,F,6,6,1.98,232.0,105.2,1998-07-28,2021,0,Michigan,Michigan/USA,USA
Moses,Wright,"Wright, Moses",1630589,1610612742,5,F,6,8,2.03,226.0,102.5,1998-12-23,2021,0,Georgia Tech,Georgia Tech/USA,USA
Jalen,Suggs,"Suggs, Jalen",1630591,1610612753,4,G,6,5,1.96,205.0,93.0,2001-06-03,2021,0,Gonzaga,Gonzaga/USA,USA
McKinley,Wright IV,"Wright IV, McKinley",1630593,1610612750,25,G,5,11,1.8,192.0,87.1,1998-10-25,2021,0,Colorado,Colorado/USA,USA
Cade,Cunningham,"Cunningham, Cade",1630595,1610612765,2,G,6,6,1.98,220.0,99.8,2001-09-25,2021,0,Oklahoma State,Oklahoma State/USA,USA
Evan,Mobley,"Mobley, Evan",1630596,1610612739,4,C,6,11,2.11,215.0,97.5,2001-06-18,2021,0,Southern California,Southern California/USA,USA
DJ,Stewart,"Stewart, DJ",1630597,1610612759,18,G,6,5,1.96,205.0,93.0,1999-07-28,0,0,Mississippi State,Mississippi State/USA,USA
Aaron,Wiggins,"Wiggins, Aaron",1630598,1610612760,21,G,6,4,1.93,190.0,86.2,1999-01-02,2021,0,Maryland,Maryland/USA,USA
Chaundee,Brown Jr.,"Brown Jr., Chaundee",1630602,1610612737,38,F,6,5,1.96,215.0,97.5,1998-12-04,2021,0,Michigan,Michigan/USA,USA
Javonte,Smart,"Smart, Javonte",1630606,1610612748,15,G,6,4,1.93,205.0,93.0,1999-06-03,2021,0,Louisiana State,Louisiana State/USA,USA
RJ,Nembhard Jr.,"Nembhard Jr., RJ",1630612,1610612739,5,G,6,4,1.93,200.0,90.7,1999-03-22,2021,0,TCU,TCU/USA,USA
Duane,Washington Jr.,"Washington Jr., Duane",1630613,1610612754,4,G,6,3,1.9,197.0,89.4,2000-03-24,2021,0,Ohio State,Ohio State/Germany,Germany
Feron,Hunt,"Hunt, Feron",1630624,1610612752,11,F,6,8,2.03,195.0,88.5,1999-07-05,2021,0,Southern Methodist,Southern Methodist/USA,USA
Dalano,Banton,"Banton, Dalano",1630625,1610612761,45,F,6,7,2.01,204.0,92.5,1999-11-07,2021,0,Nebraska,Nebraska/Canada,Canada
Jose,Alvarado,"Alvarado, Jose",1630631,1610612740,15,G,6,0,1.83,179.0,81.2,1998-04-12,2021,0,Georgia Tech,Georgia Tech/USA,USA
Mac,McClung,"McClung, Mac",1630644,1610612747,37,G,6,2,1.88,185.0,83.9,1999-01-06,2021,0,Texas Tech,Texas Tech/USA,USA
Jordan,Schakel,"Schakel, Jordan",1630648,1610612764,20,G,6,6,1.98,200.0,90.7,1998-06-13,2021,0,San Diego State,San Diego State/USA,USA
Terry,Taylor,"Taylor, Terry",1630678,1610612754,32,F,6,5,1.96,230.0,104.3,1999-09-23,2021,0,Austin Peay,Austin Peay/USA,USA
Ish,Wainright,"Wainright, Ish",1630688,1610612756,12,F,6,5,1.96,250.0,113.4,1994-09-12,2021,0,Baylor,Baylor/USA,USA
Jamorko,Pickett,"Pickett, Jamorko",1630691,1610612765,24,F,6,9,2.06,206.0,93.4,1997-12-24,2021,0,Georgetown,Georgetown/USA,USA
Malcolm,Hill,"Hill, Malcolm",1630792,1610612741,14,F,6,6,1.98,220.0,99.8,1995-10-26,2021,0,Illinois,Illinois/USA,USA
Gabriel,Lundberg,"Lundberg, Gabriel",1630994,1610612756,19,G,6,4,1.93,203.0,92.1,1994-12-04,2021,0,CSKA Moscow,CSKA Moscow/Denmark,Denmark
